update_id,project_id,report_date,planned_pct_complete,actual_pct_complete,estimated_cost_to_complete,forecast_completion_date,primary_delay_reason,submitted_by
UPD00001,P001,2023-04-09,12.4,13,1010023.67,2023-10-30,Labor availability,Priya Shah
UPD00002,P001,2023-05-07,24.9,20.4,895182.7,2023-11-01,Labor availability,Priya Shah
UPD00003,P001,2023-06-04,37.3,35.2,742180.37,2023-11-03,Labor availability,Priya Shah
UPD00004,P001,2023-07-02,49.8,45.6,623924.6,2023-11-04,Labor availability,Priya Shah
UPD00005,P001,2023-07-30,62.2,59.3,465505.53,2023-11-06,Labor availability,Priya Shah
UPD00006,P001,2023-08-27,74.7,67,308237.79,2023-11-08,Labor availability,Priya Shah
UPD00007,P001,2023-09-24,87.1,81.1,224568.52,2023-11-10,Labor availability,Priya Shah
UPD00008,P001,2023-10-22,99.6,90.1,69213.57,2023-11-12,Labor availability,Priya Shah
UPD00009,P001,2023-11-13,100,100,0,2023-11-13,Labor availability,Priya Shah
UPD00010,P002,2023-03-10,31.8,30.6,474390.8,2023-05-14,Owner decision / change order,Priya Shah
UPD00011,P002,2023-04-07,63.6,56.1,287253.26,2023-05-16,Subcontractor availability,Priya Shah
UPD00012,P002,2023-05-05,95.5,84.8,125245.17,2023-05-18,Subcontractor availability,Priya Shah
UPD00013,P002,2023-05-19,100,100,0,2023-05-19,Owner decision / change order,Priya Shah
UPD00014,P003,2024-01-10,13.7,15.1,1302857.58,2024-07-06,None,Elena Martinez
UPD00015,P003,2024-02-07,27.3,25.5,1028310.83,2024-07-06,None,Elena Martinez
UPD00016,P003,2024-03-06,41,38.4,680935.15,2024-07-07,None,Elena Martinez
UPD00017,P003,2024-04-03,54.6,55.5,543521.18,2024-07-07,None,Elena Martinez
UPD00018,P003,2024-05-01,68.3,66.3,470411.51,2024-07-07,None,Elena Martinez
UPD00019,P003,2024-05-29,82,79.1,272361.92,2024-07-08,None,Elena Martinez
UPD00020,P003,2024-06-26,95.6,92.9,114677.11,2024-07-08,None,Elena Martinez
UPD00021,P003,2024-07-08,100,100,0,2024-07-08,None,Elena Martinez
UPD00022,P004,2024-06-15,20.3,16.3,814679.45,2024-10-12,Owner decision / change order,Elena Martinez
UPD00023,P004,2024-07-13,40.6,35.6,637651.91,2024-10-15,Material lead time,Elena Martinez
UPD00024,P004,2024-08-10,60.9,52.9,511168.19,2024-10-18,Unforeseen site condition,Elena Martinez
UPD00025,P004,2024-09-07,81.2,67.5,304156.49,2024-10-21,Material lead time,Elena Martinez
UPD00026,P004,2024-10-05,100,89,137754.59,2024-10-24,Material lead time,Elena Martinez
UPD00027,P004,2024-10-26,100,100,0,2024-10-26,Unforeseen site condition,Elena Martinez
UPD00028,P005,2024-11-16,13.3,8.6,2418282.78,2025-06-05,Inspection / approval delay,Marcus Reed
UPD00029,P005,2024-12-14,26.7,21.8,2138864.39,2025-06-09,Inspection / approval delay,Marcus Reed
UPD00030,P005,2025-01-11,40,30.4,1851586.65,2025-06-14,Inspection / approval delay,Marcus Reed
UPD00031,P005,2025-02-08,53.3,44.2,1577203.65,2025-06-18,Inspection / approval delay,Marcus Reed
UPD00032,P005,2025-03-08,66.7,53.6,1302827.41,2025-06-23,Inspection / approval delay,Marcus Reed
UPD00033,P005,2025-04-05,80,65.3,1026915.2,2025-06-27,Inspection / approval delay,Marcus Reed
UPD00034,P005,2025-05-03,93.3,72.9,789600.45,2025-07-02,Inspection / approval delay,Marcus Reed
UPD00035,P005,2025-05-31,100,83.9,602209.27,2025-07-06,Inspection / approval delay,Marcus Reed
UPD00036,P005,2025-06-28,100,96.7,184510.23,2025-07-11,Inspection / approval delay,Marcus Reed
UPD00037,P005,2025-07-13,100,100,0,2025-07-13,Inspection / approval delay,Marcus Reed
UPD00038,P006,2024-02-18,13,11.7,1169014.11,2024-09-03,Material lead time,Priya Shah
UPD00039,P006,2024-03-17,25.9,21.5,1021445.29,2024-09-06,Subcontractor availability,Priya Shah
UPD00040,P006,2024-04-14,38.9,34,856535.59,2024-09-08,Material lead time,Priya Shah
UPD00041,P006,2024-05-12,51.9,45.6,732030.37,2024-09-11,Subcontractor availability,Priya Shah
UPD00042,P006,2024-06-09,64.8,56,530919.29,2024-09-13,Material lead time,Priya Shah
UPD00043,P006,2024-07-07,77.8,69.1,413118.11,2024-09-16,Material lead time,Priya Shah
UPD00044,P006,2024-08-04,90.7,80.8,250622.45,2024-09-18,Subcontractor availability,Priya Shah
UPD00045,P006,8/31/2024,100,90.6,116373.76,2024-09-21,Subcontractor availability,Priya Shah
UPD00046,P006,2024-09-23,100,100,0,2024-09-23,Material lead time,Priya Shah
UPD00047,P007,2023-10-31,17.7,10.8,2301282.32,2024-03-30,Inspection / approval delay,Daniel Kim
UPD00048,P007,2023-11-28,35.4,27.5,2122072.81,2024-04-05,Inspection / approval delay,Daniel Kim
UPD00049,P007,2023-12-26,53.2,40,1799339.8,2024-04-11,Inspection / approval delay,Daniel Kim
UPD00050,P007,2024-01-23,70.9,50.5,1442311.44,2024-04-17,Inspection / approval delay,Daniel Kim
UPD00051,P007,2024-02-20,88.6,66,954831.81,2024-04-22,Inspection / approval delay,Daniel Kim
UPD00052,P007,2024-03-19,100,76,571119.22,2024-04-28,Inspection / approval delay,Daniel Kim
UPD00053,P007,2024-04-16,100,91,252644.63,2024-05-04,Inspection / approval delay,Daniel Kim
UPD00054,P007,2024-05-09,100,100,0,2024-05-09,Inspection / approval delay,Daniel Kim
UPD00055,P008,2024-01-31,18.3,18.6,2131031.44,2024-06-05,None,Elena Martinez
UPD00056,P008,2024-02-28,36.6,35.1,1672516.72,2024-06-06,None,Elena Martinez
UPD00057,P008,2024-03-27,54.9,55.6,1356708.78,2024-06-06,None,Elena Martinez
UPD00058,P008,2024-04-24,73.2,72,954999.62,2024-06-06,None,Elena Martinez
UPD00059,P008,2024-05-22,91.5,90.7,399051.42,2024-06-07,None,Elena Martinez
UPD00060,P008,2024-06-07,100,100,0,2024-06-07,None,Elena Martinez
UPD00061,P009,2023-07-05,13.7,8.8,540757.62,2024-01-13,Labor availability,Marcus Reed
UPD00062,P009,2023-08-02,27.5,22,446503.21,2024-01-17,Labor availability,Marcus Reed
UPD00063,P009,2023-08-30,41.2,32.8,370145.92,2024-01-21,Labor availability,Marcus Reed
UPD00064,P009,2023-09-27,54.9,45.5,320914.64,2024-01-26,Labor availability,Marcus Reed
UPD00065,P009,2023-10-25,68.6,54.9,270575.42,2024-01-30,Labor availability,Marcus Reed
UPD00066,P009,2023-11-22,82.4,68.2,194672.62,2024-02-03,Labor availability,Marcus Reed
UPD00067,P009,2023-12-20,96.1,76,127511.51,2024-02-07,Labor availability,Marcus Reed
UPD00068,P009,2024-01-17,100,88.6,52850.27,2024-02-11,Labor availability,Marcus Reed
UPD00069,P009,2024-02-14,100,100,3052.9,2024-02-15,Labor availability,Marcus Reed
UPD00070,P009,2024-02-15,100,100,0,2024-02-15,Labor availability,Marcus Reed
UPD00071,P010,2025-06-07,21.5,21.4,416316.83,2025-09-16,None,Priya Shah
UPD00072,P010,2025-07-05,43.1,43.4,310846.97,2025-09-16,None,Priya Shah
UPD00073,P010,2025-08-02,64.6,65.4,175887.85,2025-09-16,None,Priya Shah
UPD00074,P010,2025-08-30,86.2,87.9,52872.51,2025-09-15,None,Priya Shah
UPD00075,P010,2025-09-15,98.5,100,0,2025-09-15,None,Priya Shah
UPD00076,P011,2024-04-19,15.2,12.4,790466.15,2024-10-05,Unforeseen site condition,Daniel Kim
UPD00077,P011,2024-05-17,30.4,23.5,730225.42,2024-10-08,Material lead time,Daniel Kim
UPD00078,P011,2024-06-14,45.7,35.7,619305.58,2024-10-12,Material lead time,Daniel Kim
UPD00079,P011,2024-07-12,60.9,50.9,490984.22,2024-10-15,Material lead time,Daniel Kim
UPD00080,P011,2024-08-09,76.1,65.4,308066.13,2024-10-19,Unforeseen site condition,Daniel Kim
UPD00081,P011,2024-09-06,91.3,75.3,220723.09,2024-10-22,Subcontractor availability,Daniel Kim
UPD00082,P011,2024-10-04,100,89.5,89036.63,2024-10-26,Unforeseen site condition,Daniel Kim
UPD00083,P011,2024-10-29,100,100,0,2024-10-29,Owner decision / change order,Daniel Kim
UPD00084,P012,2023-11-28,13.7,11.2,1085800.13,2024-05-31,Inspection / approval delay,Priya Shah
UPD00085,P012,2023-12-26,27.5,24.1,872331.73,2024-06-03,Inspection / approval delay,Priya Shah
UPD00086,P012,2024-01-23,41.2,36,699904.51,2024-06-05,Inspection / approval delay,Priya Shah
UPD00087,P012,2024-02-20,54.9,50.8,557211.1,2024-06-08,Inspection / approval delay,Priya Shah
UPD00088,P012,2024-03-19,68.6,61.2,446519.46,2024-06-10,Inspection / approval delay,Priya Shah
UPD00089,P012,2024-04-16,82.4,74.8,273978.17,2024-06-12,Inspection / approval delay,Priya Shah
UPD00090,P012,2024-05-14,96.1,86.7,109810.65,2024-06-15,Inspection / approval delay,Priya Shah
UPD00091,P012,2024-06-11,100,99.2,21198.35,2024-06-17,Inspection / approval delay,Priya Shah
UPD00092,P012,2024-06-18,100,100,0,2024-06-18,Inspection / approval delay,Priya Shah
UPD00093,P013,2023-04-15,19.2,18.6,1921673.29,2023-08-17,Subcontractor availability,Priya Shah
UPD00094,P013,2023-05-13,38.4,36.8,1428565.08,2023-08-19,Unforeseen site condition,Priya Shah
UPD00095,P013,2023-06-10,57.5,51.5,1025423.77,2023-08-21,Material lead time,Priya Shah
UPD00096,P013,2023-07-08,76.7,71,590495.37,2023-08-23,Material lead time,Priya Shah
UPD00097,P013,2023-08-05,95.9,86.3,208836.03,2023-08-25,Subcontractor availability,Priya Shah
UPD00098,P013,2023-08-26,100,100,0,2023-08-26,Owner decision / change order,Priya Shah
UPD00099,P014,2025-01-02,23.1,18.3,1826469.17,2025-04-12,Unforeseen site condition,Priya Shah
UPD00100,P014,2025-01-30,46.3,38.8,1473556.76,2025-04-15,Subcontractor availability,Priya Shah
UPD00101,P014,2025-02-27,69.4,60.7,1121038.69,2025-04-18,Unforeseen site condition,Priya Shah
UPD00102,P014,2025-03-27,92.6,81.5,600074.3,2025-04-20,Unforeseen site condition,Priya Shah
UPD00103,P014,2025-04-23,100,100,0,2025-04-23,Owner decision / change order,Priya Shah
UPD00104,P015,2023-07-27,16,12.5,919818.73,2023-12-28,Owner decision / change order,Daniel Kim
UPD00105,P015,2023-08-24,32,27.3,794148.07,2023-12-30,Weather,Daniel Kim
UPD00106,P015,2023-09-21,48,43,589039.94,2024-01-01,Material lead time,Daniel Kim
UPD00107,P015,2023-10-19,64,57.8,442601.69,2024-01-03,Subcontractor availability,Daniel Kim
UPD00108,P015,2023-11-16,80,69.7,316965.92,2024-01-05,Subcontractor availability,Daniel Kim
UPD00109,P015,2023-12-14,96,87.7,178752.36,2024-01-07,Subcontractor availability,Daniel Kim
UPD00110,P015,2024-01-09,100,100,0,2024-01-09,Subcontractor availability,Daniel Kim
UPD00111,P016,2024-08-07,16.4,12.4,460104.06,2025-01-13,Material lead time,Daniel Kim
UPD00112,P016,2024-09-04,32.7,26.8,409431.34,2025-01-18,Subcontractor availability,Daniel Kim
UPD00113,P016,2024-10-02,49.1,36.8,342275.27,2025-01-22,Unforeseen site condition,Daniel Kim
UPD00114,P016,2024-10-30,65.5,50.3,261050.48,2025-01-27,Material lead time,Daniel Kim
UPD00115,P016,2024-11-27,81.9,64.7,178693.31,2025-01-31,Material lead time,Daniel Kim
UPD00116,P016,2024-12-25,98.2,77.4,105237,2025-02-05,Owner decision / change order,Daniel Kim
UPD00117,P016,2025-01-22,100,88.1,43601.14,2025-02-09,Weather,Daniel Kim
UPD00118,P016,2025-02-13,100,100,0,2025-02-13,Unforeseen site condition,Daniel Kim
UPD00119,P017,2024-06-07,13.1,11.6,1323878,2024-12-23,Labor availability,Elena Martinez
UPD00120,P017,2024-07-05,26.3,19.4,1109050.51,2024-12-27,Labor availability,Elena Martinez
UPD00121,P017,2024-08-02,39.4,31.7,919942.46,2024-12-30,Labor availability,Elena Martinez
UPD00122,P017,2024-08-30,52.6,42.2,798043.76,2025-01-03,Labor availability,Elena Martinez
UPD00123,P017,2024-09-27,65.7,56.2,577545.1,2025-01-06,Labor availability,Elena Martinez
UPD00124,P017,2024-10-25,78.9,66.9,470130.61,2025-01-10,Labor availability,Elena Martinez
UPD00125,P017,2024-11-22,92,75.7,343874.34,2025-01-13,Labor availability,Elena Martinez
UPD00126,P017,2024-12-20,100,87.6,217063.8,2025-01-17,Labor availability,Elena Martinez
UPD00127,P017,2025-01-17,100,99.1,54311.14,2025-01-20,Labor availability,Elena Martinez
UPD00128,P017,2025-01-21,100,100,0,2025-01-21,Labor availability,Elena Martinez
UPD00129,P018,2024-04-25,10.3,9.3,1265050.11,2025-01-05,Unforeseen site condition,Marcus Reed
UPD00130,P018,2024-05-23,20.6,16.1,1099422.46,2025-01-07,Subcontractor availability,Marcus Reed
UPD00131,P018,2024-06-20,30.9,25.8,989396.91,2025-01-10,Subcontractor availability,Marcus Reed
UPD00132,P018,2024-07-18,41.2,37.9,878073.51,2025-01-12,Unforeseen site condition,Marcus Reed
UPD00133,P018,2024-08-15,51.5,46.2,690437.84,2025-01-14,Owner decision / change order,Marcus Reed
UPD00134,P018,2024-09-12,61.8,53.8,601348.86,2025-01-17,Owner decision / change order,Marcus Reed
UPD00135,P018,2024-10-10,72.1,61.7,467182.02,2025-01-19,Unforeseen site condition,Marcus Reed
UPD00136,P018,2024-11-07,82.4,75.1,304651.42,2025-01-21,Owner decision / change order,Marcus Reed
UPD00137,P018,2024-12-05,92.6,80,168998.67,2025-01-24,Material lead time,Marcus Reed
UPD00138,P018,2025-01-02,100,89.6,71017.72,2025-01-26,Material lead time,Marcus Reed
UPD00139,P018,2025-01-28,100,100,0,2025-01-28,None,Marcus Reed
UPD00140,P019,2024-04-10,23,15,375857.73,2024-08-01,Labor availability,Daniel Kim
UPD00141,P019,2024-05-08,45.9,35,309488.73,2024-08-07,Labor availability,Daniel Kim
UPD00142,P019,2024-06-05,68.9,47.4,213756.03,2024-08-13,Labor availability,Daniel Kim
UPD00143,P019,2024-07-03,91.8,64.3,135797.48,2024-08-19,Labor availability,Daniel Kim
UPD00144,P019,2024-07-31,100,81.8,76608.99,2024-08-25,Labor availability,Daniel Kim
UPD00145,P019,2024-08-28,100,98.4,6626.33,2024-08-31,Labor availability,Daniel Kim
UPD00146,P019,2024-09-01,100,100,0,2024-09-01,Labor availability,Daniel Kim
UPD00147,P020,2023-06-15,15.2,11.8,638970.53,2023-11-25,Labor availability,Priya Shah
UPD00148,P020,2023-07-13,30.4,25.3,596270.53,2023-11-27,Labor availability,Priya Shah
UPD00149,P020,2023-08-10,45.7,40.3,495715.05,2023-11-29,Labor availability,Priya Shah
UPD00150,P020,2023-09-07,60.9,56,357134.27,2023-12-01,Labor availability,Priya Shah
UPD00151,P020,2023-10-05,76.1,69.5,219543.34,2023-12-03,Labor availability,Priya Shah
UPD00152,P020,2023-11-02,91.3,80.7,114050.06,2023-12-05,Labor availability,Priya Shah
UPD00153,P020,2023-11-30,100,95.9,24563.09,2023-12-07,Labor availability,Priya Shah
UPD00154,P020,2023-12-08,100,100,0,2023-12-08,Labor availability,Priya Shah
UPD00155,P021,2023-07-04,27.5,21.3,1828813.68,2023-09-29,Labor availability,Marcus Reed
UPD00156,P021,2023-08-01,54.9,43.6,1381378.47,2023-10-04,Labor availability,Marcus Reed
UPD00157,P021,2023-08-29,82.4,61.4,826050.11,2023-10-09,Labor availability,Marcus Reed
UPD00158,P021,2023-09-26,100,81.6,272893.52,2023-10-14,Labor availability,Marcus Reed
UPD00159,P021,2023-10-18,100,100,0,2023-10-18,Labor availability,Marcus Reed
UPD00160,P022,2025-01-19,22.2,18.5,2695267.5,2025-05-09,Material lead time,Priya Shah
UPD00161,P022,2025-02-16,44.4,34.8,2114682.54,2025-05-14,Material lead time,Priya Shah
UPD00162,P022,2025-03-16,66.7,51.1,1710784.84,2025-05-18,Unforeseen site condition,Priya Shah
UPD00163,P022,2025-04-13,88.9,71.7,1005408.15,2025-05-22,Subcontractor availability,Priya Shah
UPD00164,P022,2025-05-11,100,89.7%,465584.95,2025-05-26,Owner decision / change order,Priya Shah
UPD00165,P022,2025-05-29,100,100,0,2025-05-29,Material lead time,Priya Shah
UPD00166,P023,2023-03-19,12.8,12,2427793.14,2023-10-08,Labor availability,Priya Shah
UPD00167,P023,2023-04-16,25.7,20.6,2082424.07,2023-10-11,Labor availability,Priya Shah
UPD00168,P023,2023-05-14,38.5,35.1,1797115.61,2023-10-14,Labor availability,Priya Shah
UPD00169,P023,2023-06-11,51.4,43.3,1549984.44,2023-10-17,Labor availability,Priya Shah
UPD00170,P023,2023-07-09,64.2,54.3,1270694.18,2023-10-20,Labor availability,Priya Shah
UPD00171,P023,2023-08-06,77.1,67,975114.76,2023-10-23,Labor availability,Priya Shah
UPD00172,P023,2023-09-03,89.9,75.9,743586.47,2023-10-26,Labor availability,Priya Shah
UPD00173,P023,2023-10-01,100,87.3,441100.43,2023-10-29,Labor availability,Priya Shah
UPD00174,P023,2023-10-29,100,96.5,37962.91,2023-11-02,Labor availability,Priya Shah
UPD00175,P023,2023-11-02,100,100,0,2023-11-02,Labor availability,Priya Shah
UPD00176,P024,2025-02-08,18.8,17.4,1104927.34,2025-06-18,Labor availability,Priya Shah
UPD00177,P024,2025-03-08,37.6,30.2,897597.89,2025-06-21,Labor availability,Priya Shah
UPD00178,P024,2025-04-05,56.4,49.5,739943.4,2025-06-24,Labor availability,Priya Shah
UPD00179,P024,2025-05-03,75.2,63.3,510538.87,2025-06-27,Labor availability,Priya Shah
UPD00180,P024,2025-05-31,94,80.4,292383.54,2025-06-30,Labor availability,Priya Shah
UPD00181,P024,2025-06-28,100,94.6,41867.99,2025-07-02,Labor availability,Priya Shah
UPD00182,P024,2025-07-03,100,100,0,2025-07-03,Labor availability,Priya Shah
UPD00183,P025,2024-04-15,10.2,10.2,2191952.43,2024-12-30,None,Olivia Bennett
UPD00184,P025,2024-05-13,20.4,16.1,1890298.25,2025-01-02,Subcontractor availability,Olivia Bennett
UPD00185,P025,2024-06-10,30.7,28.1,1730019.24,2025-01-04,Subcontractor availability,Olivia Bennett
UPD00186,P025,2024-07-08,40.9,33.1,1540755.69,2025-01-07,Subcontractor availability,Olivia Bennett
UPD00187,P025,2024-08-05,51.1,44.1,1367965.69,2025-01-10,Owner decision / change order,Olivia Bennett
UPD00188,P025,2024-09-02,61.3,53.9,1183706.59,2025-01-13,Weather,Olivia Bennett
UPD00189,P025,2024-09-30,71.5,60.1,981810.16,2025-01-15,Material lead time,Olivia Bennett
UPD00190,P025,2024-10-28,81.8,71.5,765802.26,2025-01-18,Owner decision / change order,Olivia Bennett
UPD00191,P025,2024-11-25,92,80.8,558743.62,2025-01-21,Material lead time,Olivia Bennett
UPD00192,P025,2024-12-23,100,89.4,248984.54,2025-01-24,None,Olivia Bennett
UPD00193,P025,2025-01-20,100,95.8,58647.83,2025-01-26,Owner decision / change order,Olivia Bennett
UPD00194,P025,2025-01-27,100,100,0,2025-01-27,Material lead time,Olivia Bennett
UPD00195,P026,2024-05-19,23.1,18,2683599.03,2024-09-05,Unforeseen site condition,Daniel Kim
UPD00196,P026,2024-06-16,46.3,34.3,2146659.56,2024-09-10,Unforeseen site condition,Daniel Kim
UPD00197,P026,2024-07-14,69.4,49.6,1592308.64,2024-09-16,Material lead time,Daniel Kim
UPD00198,P026,2024-08-11,92.6,67.2,1065564.04,2024-09-21,Unforeseen site condition,Daniel Kim
UPD00199,P026,2024-09-08,100,84.9,481764.04,2024-09-27,Subcontractor availability,Daniel Kim
UPD00200,P026,2024-10-01,100,100,0,2024-10-01,Material lead time,Daniel Kim
UPD00201,P027,2023-02-25,18.3,17.2,1628530.61,2023-07-07,Owner decision / change order,Elena Martinez
UPD00202,P027,2023-03-25,36.6,33.7,1203520.41,2023-07-10,Subcontractor availability,Elena Martinez
UPD00203,P027,2023-04-22,54.9,46.5,925537.22,2023-07-12,Unforeseen site condition,Elena Martinez
UPD00204,P027,2023-05-20,73.2,65.4,618735.4,2023-07-15,Owner decision / change order,Elena Martinez
UPD00205,P027,2023-06-17,91.5,79.8,370564.44,2023-07-17,Subcontractor availability,Elena Martinez
UPD00206,P027,2023-07-15,100,95.8,102886.73,2023-07-20,Subcontractor availability,Elena Martinez
UPD00207,P027,2023-07-20,100,100,0,2023-07-20,Subcontractor availability,Elena Martinez
UPD00208,P028,2024-08-30,16.8,15.2,185737.35,2025-01-27,Owner decision / change order,Daniel Kim
UPD00209,P028,2024-09-27,33.5,28.6,152538.3,2025-01-30,None,Daniel Kim
UPD00210,P028,2024-10-25,50.3,43.1,112604.82,2025-02-02,Subcontractor availability,Daniel Kim
UPD00211,P028,2024-11-22,67.1,54.7,79681.46,2025-02-05,Material lead time,Daniel Kim
UPD00212,P028,2024-12-20,83.8,70.3,44919.61,2025-02-08,Material lead time,Daniel Kim
UPD00213,P028,2025-01-17,100,83,19295.97,2025-02-12,Weather,Daniel Kim
UPD00214,P028,2025-02-14,100,98.2,1737.35,2025-02-15,Subcontractor availability,Daniel Kim
UPD00215,P028,2025-02-15,100,100,0,2025-02-15,Material lead time,Daniel Kim
UPD00216,P029,2024-09-26,13.7,9.4,806544.89,2025-04-06,Unforeseen site condition,Daniel Kim
UPD00217,P029,2024-10-24,27.3,22.2,624884.45,2025-04-09,Material lead time,Daniel Kim
UPD00218,P029,2024-11-21,41,34.7,485847.53,2025-04-13,Subcontractor availability,Daniel Kim
UPD00219,P029,2024-12-19,54.6,42.6,396416.67,2025-04-17,Weather,Daniel Kim
UPD00220,P029,2025-01-16,68.3,55.8,327020.23,2025-04-21,Owner decision / change order,Daniel Kim
UPD00221,P029,2025-02-13,82,66.4,253770.45,2025-04-24,Subcontractor availability,Daniel Kim
UPD00222,P029,2025-03-13,95.6,77,166749.6,2025-04-28,Material lead time,Daniel Kim
UPD00223,P029,2025-04-10,100,87.6,65803.07,2025-05-02,Weather,Daniel Kim
UPD00224,P029,2025-05-05,100,100,0,2025-05-05,Owner decision / change order,Daniel Kim
UPD00225,P030,2024-06-04,16.8,10.6,1693386.37,2024-11-10,Labor availability,Priya Shah
UPD00226,P030,2024-07-02,33.5,27.1,1366946.6,2024-11-16,Labor availability,Priya Shah
UPD00227,P030,2024-07-30,50.3,35.2,1184300.53,2024-11-21,Labor availability,Priya Shah
UPD00228,P030,2024-08-27,67.1,49,888528.38,2024-11-27,Labor availability,Priya Shah
UPD00229,P030,2024-09-24,83.8,60.7,679441.74,2024-12-02,Labor availability,Priya Shah
UPD00230,P030,2024-10-22,100,72.4,469366.89,2024-12-08,Labor availability,Priya Shah
UPD00231,P030,2024-11-19,100,88.9,162749.67,2024-12-13,Labor availability,Priya Shah
UPD00232,P030,2024-12-17,100,100,7280.55,2024-12-19,Labor availability,Priya Shah
UPD00233,P030,2024-12-19,100,100,0,2024-12-19,Labor availability,Priya Shah
UPD00234,P031,2023-07-19,11.4,12.6,539379.4,2024-02-28,Material lead time,Elena Martinez
UPD00235,P031,2023-08-16,22.9,23.3,459286.43,2024-03-01,Subcontractor availability,Elena Martinez
UPD00236,P031,2023-09-13,34.3,31.7,397297.42,2024-03-03,Unforeseen site condition,Elena Martinez
UPD00237,P031,2023-10-11,45.7,40.7,335443.61,2024-03-04,None,Elena Martinez
UPD00238,P031,2023-11-08,57.1,50.5,274829.55,2024-03-06,Material lead time,Elena Martinez
UPD00239,P031,2023-12-06,68.6,65.3,249720.45,2024-03-08,Material lead time,Elena Martinez
UPD00240,P031,2024-01-03,80,71.1,171274.12,2024-03-10,Unforeseen site condition,Elena Martinez
UPD00241,P031,2024-01-31,91.4,84.6,100273.96,2024-03-11,Owner decision / change order,Elena Martinez
UPD00242,P031,2024-02-28,100,96.1,47126.56,2024-03-13,Subcontractor availability,Elena Martinez
UPD00243,P031,2024-03-14,100,100,0,2024-03-14,Material lead time,Elena Martinez
UPD00244,P032,2024-01-07,13.2,8.6,2004211.41,2024-07-23,Labor availability,Daniel Kim
UPD00245,P032,2024-02-04,26.4,23.9,1815594.21,2024-07-26,Labor availability,Daniel Kim
UPD00246,P032,2024-03-03,39.6,35.1,1587338.42,2024-07-29,Labor availability,Daniel Kim
UPD00247,P032,2024-03-31,52.8,44.3,1251195.06,2024-08-02,Labor availability,Daniel Kim
UPD00248,P032,2024-04-28,66,56.2,864849.35,2024-08-05,Labor availability,Daniel Kim
UPD00249,P032,2024-05-26,79.2,67.5,638571.62,2024-08-09,Labor availability,Daniel Kim
UPD00250,P032,2024-06-23,92.5,78.9,430995.17,2024-08-12,Labor availability,Daniel Kim
UPD00251,P032,2024-07-21,100,86.7,167939.62,2024-08-15,Labor availability,Daniel Kim
UPD00252,P032,2024-08-18,100,100,1334.97,2024-08-19,Labor availability,Daniel Kim
UPD00253,P032,2024-08-19,100,100,0,2024-08-19,Labor availability,Daniel Kim
UPD00254,P033,2024-01-04,33.7,30.5,549783.1,2024-03-02,Unforeseen site condition,Marcus Reed
UPD00255,P033,2024-02-01,67.5,64.9,283721.46,2024-03-03,Subcontractor availability,Marcus Reed
UPD00256,P033,2024-02-29,100,94.3,61298.32,2024-03-05,Owner decision / change order,Marcus Reed
UPD00257,P033,2024-03-05,100,100,0,2024-03-05,Material lead time,Marcus Reed
UPD00258,P034,2025-08-18,13.9,13,530010.23,2026-02-08,None,Olivia Bennett
UPD00259,P034,2025-09-15,27.9,29.4,464335.72,2026-02-08,None,Olivia Bennett
UPD00260,P034,2025-10-13,41.8,42.9,396260.28,2026-02-09,None,Olivia Bennett
UPD00261,P034,2025-11-10,55.7,56,278057.13,2026-02-09,None,Olivia Bennett
UPD00262,P034,2025-12-08,69.7,70.7,153460.28,2026-02-09,None,Olivia Bennett
UPD00263,P034,2026-01-05,83.6,81.7,112972.97,2026-02-10,None,Olivia Bennett
UPD00264,P034,2026-02-02,97.5,95.6,8627.41,2026-02-10,None,Olivia Bennett
UPD00265,P034,2026-02-10,100,100,0,2026-02-10,None,Olivia Bennett
UPD00266,P035,2025-01-15,20.6,19,896199.98,2025-05-10,None,Elena Martinez
UPD00267,P035,2025-02-12,41.2,35.5,652929.03,2025-05-12,Subcontractor availability,Elena Martinez
UPD00268,P035,2025-03-12,61.8,54.9,447176.27,2025-05-14,Owner decision / change order,Elena Martinez
UPD00269,P035,2025-04-09,82.4,73.6,260066.85,2025-05-17,None,Elena Martinez
UPD00270,P035,2025-05-07,100,92.6,72450.45,2025-05-19,Subcontractor availability,Elena Martinez
UPD00271,P035,2025-05-20,100,100,0,2025-05-20,Owner decision / change order,Elena Martinez
UPD00272,P036,2023-04-17,11.5,9.3,1969294.89,2023-11-29,Subcontractor availability,Daniel Kim
UPD00273,P036,2023-05-15,23,22.7,1691299.5,2023-12-02,Material lead time,Daniel Kim
UPD00274,P036,2023-06-12,34.4,28.2,1490925.83,2023-12-04,Owner decision / change order,Daniel Kim
UPD00275,P036,2023-07-10,45.9,40.6,1253675.84,2023-12-07,Owner decision / change order,Daniel Kim
UPD00276,P036,2023-08-07,57.4,49.3,1064360.6,2023-12-09,None,Daniel Kim
UPD00277,P036,2023-09-04,68.9,60.5,801572.62,2023-12-12,Unforeseen site condition,Daniel Kim
UPD00278,P036,2023-10-02,80.3,69,604441.63,2023-12-14,Material lead time,Daniel Kim
UPD00279,P036,2023-10-30,91.8,79.5,326474.74,2023-12-16,Subcontractor availability,Daniel Kim
UPD00280,P036,2023-11-27,100,91.1,122950.23,2023-12-19,Unforeseen site condition,Daniel Kim
UPD00281,P036,2023-12-21,100,100,0,2023-12-21,Material lead time,Daniel Kim
UPD00282,P037,2024-04-21,12.2,8.1,957463.67,2024-11-24,Subcontractor availability,Olivia Bennett
UPD00283,P037,2024-05-19,24.3,18.4,869008.24,2024-11-27,Unforeseen site condition,Olivia Bennett
UPD00284,P037,2024-06-16,36.5,30,798182.73,2024-12-01,Material lead time,Olivia Bennett
UPD00285,P037,2024-07-14,48.7,42.5,699811.6,2024-12-04,Material lead time,Olivia Bennett
UPD00286,P037,2024-08-11,60.9,52.5,583016.28,2024-12-07,Unforeseen site condition,Olivia Bennett
UPD00287,P037,2024-09-08,73,63.3,513793.26,2024-12-11,Subcontractor availability,Olivia Bennett
UPD00288,P037,2024-10-06,85.2,70.1,349097.86,2024-12-14,Subcontractor availability,Olivia Bennett
UPD00289,P037,2024-11-03,97.4,79.9,242256.58,2024-12-18,Subcontractor availability,Olivia Bennett
UPD00290,P037,2024-12-01,100,91.2,82598.92,2024-12-21,Material lead time,Olivia Bennett
UPD00291,P037,2024-12-24,100,100,0,2024-12-24,Subcontractor availability,Olivia Bennett
UPD00292,P038,2023-10-16,13.2,8.6,596064.75,2024-05-04,Labor availability,Daniel Kim
UPD00293,P038,2023-11-13,26.4,18.8,498454.7,2024-05-08,Labor availability,Daniel Kim
UPD00294,P038,2023-12-11,39.6,32.8,435267.37,2024-05-12,Labor availability,Daniel Kim
UPD00295,P038,2024-01-08,52.8,42.9,373506.7,2024-05-16,Labor availability,Daniel Kim
UPD00296,P038,2024-02-05,66,52,283715.68,2024-05-20,Labor availability,Daniel Kim
UPD00297,P038,2024-03-04,79.2,64.4,227750.58,2024-05-24,Labor availability,Daniel Kim
UPD00298,P038,2024-04-01,92.5,75,143218.37,2024-05-28,Labor availability,Daniel Kim
UPD00299,P038,2024-04-29,100,84.1,109543.52,2024-06-01,Labor availability,Daniel Kim
UPD00300,P038,2024-05-27,100,94.3,6480.69,2024-06-05,Labor availability,Daniel Kim
UPD00301,P038,2024-06-07,100,100,0,2024-06-07,Labor availability,Daniel Kim
UPD00302,P039,2023-05-18,15.4,16.6,509826.86,2023-10-19,None,Elena Martinez
UPD00303,P039,2023-06-15,30.8,33,397134.25,2023-10-19,None,Elena Martinez
UPD00304,P039,2023-07-13,46.2,44.3,305490.63,2023-10-19,None,Elena Martinez
UPD00305,P039,2023-08-10,61.5,60.9,257095.14,2023-10-19,None,Elena Martinez
UPD00306,P039,2023-09-07,76.9,74.8,133796.31,2023-10-19,None,Elena Martinez
UPD00307,P039,2023-10-05,92.3,94.6,37478.3,2023-10-19,None,Elena Martinez
UPD00308,P039,2023-10-19,100,100,0,2023-10-19,None,Elena Martinez
UPD00309,P040,2024-03-20,13.1,10.5,892183.94,2024-09-24,Labor availability,Priya Shah
UPD00310,P040,2024-04-17,26.2,25,816546.3,2024-09-25,Labor availability,Priya Shah
UPD00311,P040,2024-05-15,39.3,40,644540.93,2024-09-26,Labor availability,Priya Shah
UPD00312,P040,2024-06-12,52.3,50.9,501240.69,2024-09-26,Labor availability,Priya Shah
UPD00313,P040,2024-07-10,65.4,105,423156.38,2024-09-27,Labor availability,Priya Shah
UPD00314,P040,2024-08-07,78.5,77.2,316477.68,2024-09-28,Labor availability,Priya Shah
UPD00315,P040,2024-09-04,91.6,90,114612.62,2024-09-28,Labor availability,Priya Shah
UPD00316,P040,2024-09-29,100,100,0,2024-09-29,Labor availability,Priya Shah
UPD00317,P041,2024-07-09,16.4,15.6,1431929.69,2024-12-10,Inspection / approval delay,Olivia Bennett
UPD00318,P041,2024-08-06,32.7,29.6,1209636.27,2024-12-14,Inspection / approval delay,Olivia Bennett
UPD00319,P041,2024-09-03,49.1,39.5,937148.31,2024-12-17,Inspection / approval delay,Olivia Bennett
UPD00320,P041,2024-10-01,65.5,52.8,664159.52,2024-12-20,Inspection / approval delay,Olivia Bennett
UPD00321,P041,2024-10-29,81.9,68,497810.37,2024-12-24,Inspection / approval delay,Olivia Bennett
UPD00322,P041,2024-11-26,98.2,82.5,211747.98,2024-12-27,Inspection / approval delay,Olivia Bennett
UPD00323,P041,2024-12-24,100,97.1,62109.32,2024-12-30,Inspection / approval delay,Olivia Bennett
UPD00324,P041,2024-12-31,100,100,0,2024-12-31,Inspection / approval delay,Olivia Bennett
UPD00325,P042,2024-09-30,22.8,18.5,1950553.6,2025-01-12,Unforeseen site condition,Daniel Kim
UPD00326,P042,2024-10-28,45.5,40.2,1466832.98,2025-01-16,Material lead time,Daniel Kim
UPD00327,P042,2024-11-25,68.3,56.3,885689.04,2025-01-19,Material lead time,Daniel Kim
UPD00328,P042,2024-12-23,91.1,76.5,490860.27,2025-01-23,Unforeseen site condition,Daniel Kim
UPD00329,P042,2025-01-20,100,94,99637.62,2025-01-26,Material lead time,Daniel Kim
UPD00330,P042,2025-01-27,100,100,0,2025-01-27,Material lead time,Daniel Kim
UPD00331,P043,2024-03-26,18.3,19.3,756538.37,2024-08-01,Owner decision / change order,Priya Shah
UPD00332,P043,2024-04-23,36.6,32.5,625611.89,2024-08-02,Owner decision / change order,Priya Shah
UPD00333,P043,2024-05-21,54.9,50.3,470290.19,2024-08-03,Subcontractor availability,Priya Shah
UPD00334,P043,2024-06-18,73.2,71.4,281650.82,2024-08-04,Owner decision / change order,Priya Shah
UPD00335,P043,2024-07-16,91.5,89.4,94155.42,2024-08-05,Subcontractor availability,Priya Shah
UPD00336,P043,2024-08-06,100,100,0,2024-08-06,Owner decision / change order,Priya Shah
UPD00337,P044,2024-05-11,23,19.1,393741.73,2024-08-26,Labor availability,Elena Martinez
UPD00338,P044,2024-06-08,45.9,34.9,320275.12,2024-08-31,Labor availability,Elena Martinez
UPD00339,P044,2024-07-06,68.9,52.1,186599.19,2024-09-04,Labor availability,Elena Martinez
UPD00340,P044,2024-08-03,91.8,70.1,123745.67,2024-09-09,Labor availability,Elena Martinez
UPD00341,P044,2024-08-31,100,88.4,47142.1,2024-09-13,Labor availability,Elena Martinez
UPD00342,P044,2024-09-16,100,100,0,2024-09-16,Labor availability,Elena Martinez
UPD00343,P045,2023-03-18,13,13.9,970409.56,2023-09-13,None,Elena Martinez
UPD00344,P045,2023-04-15,26,27.9,832194.02,2023-09-11,None,Elena Martinez
UPD00345,P045,2023-05-13,39.1,45.9,604418.93,2023-09-08,None,Elena Martinez
UPD00346,P045,2023-06-10,52.1,59.6,483613.78,2023-09-06,None,Elena Martinez
UPD00347,P045,2023-07-08,65.1,72.5,282417.99,2023-09-04,None,Elena Martinez
UPD00348,P045,2023-08-05,78.1,85.4,108674.93,2023-09-01,None,Elena Martinez
UPD00349,P045,2023-08-30,89.8,100,0,2023-08-30,None,Elena Martinez
UPD00350,P046,2023-10-05,11,9.1,1065816.89,2024-06-03,Labor availability,Elena Martinez
UPD00351,P046,2023-11-02,22,20,982787.3,2024-06-07,Labor availability,Elena Martinez
UPD00352,P046,2023-11-30,32.9,30.2,886004.09,2024-06-10,Labor availability,Elena Martinez
UPD00353,P046,2023-12-28,43.9,37.8,768688.68,2024-06-13,Labor availability,Elena Martinez
UPD00354,P046,2024-01-25,54.9,43.7,709466.01,2024-06-17,Labor availability,Elena Martinez
UPD00355,P046,2024-02-22,65.9,57.4,611510.44,2024-06-20,Labor availability,Elena Martinez
UPD00356,P046,2024-03-21,76.9,62.6,482133.94,2024-06-23,Labor availability,Elena Martinez
UPD00357,P046,2024-04-18,87.8,73.7,322940.87,2024-06-27,Labor availability,Elena Martinez
UPD00358,P046,2024-05-16,98.8,83.5,186977.28,2024-06-30,Labor availability,Elena Martinez
UPD00359,P046,2024-06-13,100,90.8,73265.8,2024-07-03,Labor availability,Elena Martinez
UPD00360,P046,2024-07-06,100,100,0,2024-07-06,Labor availability,Elena Martinez
UPD00361,P047,2023-09-01,15.3,11.5,1976349.75,2024-02-13,None,Elena Martinez
UPD00362,P047,2023-09-29,30.6,25.7,1646141.99,2024-02-16,Subcontractor availability,Elena Martinez
UPD00363,P047,2023-10-27,45.9,41.5,1430841.08,2024-02-18,None,Elena Martinez
UPD00364,P047,2023-11-24,61.2,52.4,1208600.94,2024-02-21,Unforeseen site condition,Elena Martinez
UPD00365,P047,2023-12-22,76.5,65.4,846350.69,2024-02-24,Subcontractor availability,Elena Martinez
UPD00366,P047,2024-01-19,91.8,78.2,507106.48,2024-02-27,Weather,Elena Martinez
UPD00367,P047,2024-02-16,100,93.6,196301.88,2024-03-01,Subcontractor availability,Elena Martinez
UPD00368,P047,2024-03-02,100,100,0,2024-03-02,Subcontractor availability,Elena Martinez
UPD00369,P048,2025-07-06,38.9,34.4,388843.55,2025-08-25,Labor availability,Elena Martinez
UPD00370,P048,2025-08-03,77.8,67.2,142207.1,2025-08-27,Labor availability,Elena Martinez
UPD00371,P048,2025-08-30,100,100,0,2025-08-30,Labor availability,Elena Martinez
UPD00372,P049,2023-11-06,19.2,12.2,994785.39,2024-03-20,Subcontractor availability,Marcus Reed
UPD00373,P049,2023-12-04,38.4,30.8,858810.75,2024-03-25,Unforeseen site condition,Marcus Reed
UPD00374,P049,2024-01-01,57.5,42.4,703074.8,2024-03-30,Weather,Marcus Reed
UPD00375,P049,2024-01-29,76.7,55.9,475276.28,2024-04-04,Unforeseen site condition,Marcus Reed
UPD00376,P049,2024-02-26,95.9,71.1,361976.98,2024-04-09,Subcontractor availability,Marcus Reed
UPD00377,P049,2024-03-25,100,88,120625.98,2024-04-14,Material lead time,Marcus Reed
UPD00378,P049,2024-04-19,100,100,0,2024-04-19,Material lead time,Marcus Reed
UPD00379,P050,2024-09-16,21.5,19.7,1013665.88,2025-01-04,Labor availability,Elena Martinez
UPD00380,P050,2024-10-14,43.1,35.7,834195.07,2025-01-07,Labor availability,Elena Martinez
UPD00381,P050,2024-11-11,64.6,54.2,661516.68,2025-01-09,Labor availability,Elena Martinez
UPD00382,P050,2024-12-09,86.2,72.2,297313.74,2025-01-12,Labor availability,Elena Martinez
UPD00383,P050,2025-01-06,100,92.7,84768.75,2025-01-15,Labor availability,Elena Martinez
UPD00384,P050,2025-01-16,100,100,0,2025-01-16,Labor availability,Elena Martinez
UPD00385,P051,2023-05-15,20.4,17.1,342020.41,2023-09-16,Labor availability,Marcus Reed
UPD00386,P051,2023-06-12,40.9,29.6,289421.85,2023-09-21,Labor availability,Marcus Reed
UPD00387,P051,2023-07-10,61.3,48.1,218685.52,2023-09-26,Labor availability,Marcus Reed
UPD00388,P051,2023-08-07,81.8,63.5,145592.35,2023-10-01,Labor availability,Marcus Reed
UPD00389,P051,2023-09-04,100,79.7,89687.44,2023-10-06,Labor availability,Marcus Reed
UPD00390,P051,2023-10-02,100,96.1,30462.98,2023-10-11,Labor availability,Marcus Reed
UPD00391,P051,2023-10-13,100,100,0,2023-10-13,Labor availability,Marcus Reed
UPD00392,P052,2023-11-19,24.8,19.2,1362765.34,2024-03-03,Labor availability,Marcus Reed
UPD00393,P052,2023-12-17,49.6,34.2,1161752.03,2024-03-10,Labor availability,Marcus Reed
UPD00394,P052,2024-01-14,74.3,51.8,875680.86,2024-03-17,Labor availability,Marcus Reed
UPD00395,P052,2024-02-11,99.1,66.4,687338.6,2024-03-24,Labor availability,Marcus Reed
UPD00396,P052,2024-03-10,100,81.7,280358.49,2024-03-30,Labor availability,Marcus Reed
UPD00397,P052,2024-04-06,100,100,0,2024-04-06,Labor availability,Marcus Reed
UPD00398,P053,2024-06-28,19.2,16.2,1288376.64,2024-10-26,Owner decision / change order,Marcus Reed
UPD00399,P053,2024-07-26,38.4,35.6,960220.9,2024-10-27,Unforeseen site condition,Marcus Reed
UPD00400,P053,2024-08-23,57.5,54.3,694243.55,2024-10-28,Subcontractor availability,Marcus Reed
UPD00401,P053,2024-09-20,76.7,75.5,427738.09,2024-10-29,Unforeseen site condition,Marcus Reed
UPD00402,P053,2024-10-18,95.9,93.8,99851.66,2024-10-30,Owner decision / change order,Marcus Reed
UPD00403,P053,2024-10-30,100,100,0,2024-10-30,Owner decision / change order,Marcus Reed
UPD00404,P054,2024-12-20,17.4,17.7,316797.69,2025-05-02,None,Elena Martinez
UPD00405,P054,2025-01-17,34.8,33.2,272469.86,2025-05-03,None,Elena Martinez
UPD00406,P054,2025-02-14,52.2,52.3,202561.36,2025-05-03,None,Elena Martinez
UPD00407,P054,2025-03-14,69.6,69.7,146790.18,2025-05-03,None,Elena Martinez
UPD00408,P054,2025-04-11,87,84.8,68080.64,2025-05-03,None,Elena Martinez
UPD00409,P054,2025-05-03,100,100,0,2025-05-03,None,Elena Martinez
UPD00410,P055,2023-06-06,18.7,16,1247976.23,2023-10-15,Labor availability,Daniel Kim
UPD00411,P055,2023-07-04,37.3,30.1,1061255.83,2023-10-18,Labor availability,Daniel Kim
UPD00412,P055,2023-08-01,56,49,735835.16,2023-10-21,Labor availability,Daniel Kim
UPD00413,P055,2023-08-29,74.7,63.1,462760.7,2023-10-24,Labor availability,Daniel Kim
UPD00414,P055,2023-09-26,93.3,79,216976.15,2023-10-27,Labor availability,Daniel Kim
UPD00415,P055,2023-10-24,100,97,19460.7,2023-10-30,Labor availability,Daniel Kim
UPD00416,P055,2023-10-31,100,100,0,2023-10-31,Labor availability,Daniel Kim
UPD00417,P056,2024-07-15,16.8,19.2,290638.94,2024-12-01,None,Priya Shah
UPD00418,P056,2024-08-12,33.5,36.1,225580.12,2024-11-30,None,Priya Shah
UPD00419,P056,2024-09-09,50.3,49.9,190936.01,2024-11-30,None,Priya Shah
UPD00420,P056,2024-10-07,67.1,69.5,145865.08,2024-11-30,None,Priya Shah
UPD00421,P056,2024-11-04,83.8,85.7,53195.97,2024-11-30,None,Priya Shah
UPD00422,P056,2024-11-30,99.4,100,0,2024-11-30,None,Priya Shah
UPD00423,P057,2025-08-05,15.7,12.4,722963.45,2026-01-14,Material lead time,Elena Martinez
UPD00424,P057,2025-09-02,31.5,28.6,612222.42,2026-01-18,None,Elena Martinez
UPD00425,P057,2025-09-30,47.2,38.1,454069.07,2026-01-21,Weather,Elena Martinez
UPD00426,P057,2025-10-28,62.9,51,365238.23,2026-01-25,Subcontractor availability,Elena Martinez
UPD00427,P057,2025-11-25,78.7,66.4,237141.33,2026-01-28,Material lead time,Elena Martinez
UPD00428,P057,2025-12-23,94.4,79.4,125284.1,2026-01-31,Subcontractor availability,Elena Martinez
UPD00429,P057,2026-01-20,100,89.9,22659.6,2026-02-04,Unforeseen site condition,Elena Martinez
UPD00430,P057,2026-02-06,100,100,0,2026-02-06,Material lead time,Elena Martinez
UPD00431,P058,2025-02-17,11.9,12.2,352782.48,2025-09-24,Unforeseen site condition,Olivia Bennett
UPD00432,P058,2025-03-17,23.8,20.9,301379.85,2025-09-27,Owner decision / change order,Olivia Bennett
UPD00433,P058,2025-04-14,35.7,30.9,269911.33,2025-09-30,Material lead time,Olivia Bennett
UPD00434,P058,2025-05-12,47.7,41.2,222605.25,2025-10-03,Unforeseen site condition,Olivia Bennett
UPD00435,P058,2025-06-09,59.6,52.7,182008.57,2025-10-06,Owner decision / change order,Olivia Bennett
UPD00436,P058,2025-07-07,71.5,63.7,145027.58,2025-10-09,Unforeseen site condition,Olivia Bennett
UPD00437,P058,2025-08-04,83.4,73.1,98230.63,2025-10-12,Material lead time,Olivia Bennett
UPD00438,P058,2025-09-01,95.3,81,64943.39,2025-10-15,Subcontractor availability,Olivia Bennett
UPD00439,P058,2025-09-29,100,91.9,38686.2,2025-10-18,None,Olivia Bennett
UPD00440,P058,2025-10-20,100,100,0,2025-10-20,Weather,Olivia Bennett
UPD00441,P059,2024-10-13,26.4,23.6,468397.39,2025-01-06,Labor availability,Olivia Bennett
UPD00442,P059,2024-11-10,52.8,46.9,343468.84,2025-01-09,Labor availability,Olivia Bennett
UPD00443,P059,2024-12-08,79.2,67.9,188958.6,2025-01-11,Labor availability,Olivia Bennett
UPD00444,P059,2025-01-05,100,93.5,44133.51,2025-01-14,Labor availability,Olivia Bennett
UPD00445,P059,2025-01-15,100,100,0,2025-01-15,Labor availability,Olivia Bennett
UPD00446,P060,2023-09-29,12.6,9.9,1214108.54,2024-04-20,Owner decision / change order,Daniel Kim
UPD00447,P060,2023-10-27,25.2,21.1,1049930.56,2024-04-22,Owner decision / change order,Daniel Kim
UPD00448,P060,2023-11-24,37.8,35.2,951322.53,2024-04-25,Unforeseen site condition,Daniel Kim
UPD00449,P060,2023-12-22,50.5,43.3,747701.96,2024-04-27,Unforeseen site condition,Daniel Kim
UPD00450,P060,2024-01-19,63.1,57.4,560266.8,2024-04-29,Owner decision / change order,Daniel Kim
UPD00451,P060,2024-02-16,75.7,66.1,386968.91,2024-05-02,Material lead time,Daniel Kim
UPD00452,P060,2024-03-15,88.3,79,280431.91,2024-05-04,Subcontractor availability,Daniel Kim
UPD00453,P060,2024-04-12,100,87.6,114125.16,2024-05-07,Material lead time,Daniel Kim
UPD00454,P060,2024-05-09,100,100,0,2024-05-09,Unforeseen site condition,Daniel Kim
UPD00455,P061,2024-12-16,15.1,14.6,2287948.05,2025-06-03,Inspection / approval delay,Olivia Bennett
UPD00456,P061,2025-01-13,30.3,27.4,2064864.76,2025-06-06,Inspection / approval delay,Olivia Bennett
UPD00457,P061,2025-02-10,45.4,39.9,1641464.88,2025-06-10,Inspection / approval delay,Olivia Bennett
UPD00458,P061,2025-03-10,60.5,49.2,1302929.59,2025-06-13,Inspection / approval delay,Olivia Bennett
UPD00459,P061,2025-04-07,75.7,62.7,876065.89,2025-06-16,Inspection / approval delay,Olivia Bennett
UPD00460,P061,2025-05-05,90.8,75.9,638456.65,2025-06-20,Inspection / approval delay,Olivia Bennett
UPD00461,P061,2025-06-02,100,90.2,239318.43,2025-06-23,Inspection / approval delay,Olivia Bennett
UPD00462,P061,2025-06-26,100,100,0,2025-06-26,Inspection / approval delay,Olivia Bennett
UPD00463,P062,2024-05-15,12.5,11,2373435.74,2024-12-07,Inspection / approval delay,Marcus Reed
UPD00464,P062,2024-06-12,25,19.5,2126662.23,2024-12-10,Inspection / approval delay,Marcus Reed
UPD00465,P062,2024-07-10,37.5,34.7,1764605.52,2024-12-12,Inspection / approval delay,Marcus Reed
UPD00466,P062,2024-08-07,50,41.8,1537442.85,2024-12-15,Inspection / approval delay,Marcus Reed
UPD00467,P062,2024-09-04,62.5,52.7,1268902.25,2024-12-18,Inspection / approval delay,Marcus Reed
UPD00468,P062,2024-10-02,75,63.6,1022377.68,2024-12-20,Inspection / approval delay,Marcus Reed
UPD00469,P062,2024-10-30,87.5,79.3,529238.99,2024-12-23,Inspection / approval delay,Marcus Reed
UPD00470,P062,2024-11-27,100,88,291563.64,2024-12-25,Inspection / approval delay,Marcus Reed
UPD00471,P062,2024-12-25,100,98.8,12244.35,2024-12-28,Inspection / approval delay,Marcus Reed
UPD00472,P062,2024-12-28,100,100,0,2024-12-28,Inspection / approval delay,Marcus Reed
UPD00473,P063,2025-05-27,30.4,26.2,913751.37,2025-08-05,Labor availability,Marcus Reed
UPD00474,P063,2025-06-24,60.9,51.3,593794.49,2025-08-08,Labor availability,Marcus Reed
UPD00475,P063,2025-07-22,91.3,78.8,290063.75,2025-08-11,Labor availability,Marcus Reed
UPD00476,P063,2025-08-13,100,100,0,2025-08-13,Labor availability,Marcus Reed
UPD00477,P064,2024-10-02,16.5,12.8,1188231.76,2025-03-06,Owner decision / change order,Priya Shah
UPD00478,P064,2024-10-30,32.9,27.3,1003871.66,2025-03-10,Weather,Priya Shah
UPD00479,P064,2024-11-27,49.4,38.8,846951.02,2025-03-14,Owner decision / change order,Priya Shah
UPD00480,P064,2024-12-25,65.9,51.8,630285.35,2025-03-17,Weather,Priya Shah
UPD00481,P064,2025-01-22,82.4,70,422058.14,2025-03-21,Unforeseen site condition,Priya Shah
UPD00482,P064,2025-02-19,98.8,80.7,203739.99,2025-03-25,Material lead time,Priya Shah
UPD00483,P064,2025-03-19,100,94.6,46007.45,2025-03-29,Material lead time,Priya Shah
UPD00484,P064,2025-03-30,100,100,0,2025-03-30,Material lead time,Priya Shah
UPD00485,P065,2025-03-12,21.1,19.3,552037.47,2025-06-28,Material lead time,Marcus Reed
UPD00486,P065,2025-04-09,42.1,40.2,435536.78,2025-06-29,Unforeseen site condition,Marcus Reed
UPD00487,P065,2025-05-07,63.2,60.5,326730.87,2025-06-30,Unforeseen site condition,Marcus Reed
UPD00488,P065,2025-06-04,84.2,81.8,176513.81,2025-07-01,Material lead time,Marcus Reed
UPD00489,P065,2025-07-02,100,100,0,2025-07-02,Unforeseen site condition,Marcus Reed
UPD00490,P066,2024-01-20,14.4,16.9,466093.38,2024-06-28,None,Elena Martinez
UPD00491,P066,2024-02-17,28.9,29.8,359583.96,2024-06-26,None,Elena Martinez
UPD00492,P066,2024-03-16,43.3,45.4,288836.46,2024-06-24,None,Elena Martinez
UPD00493,P066,2024-04-13,57.7,62.2,171144.88,2024-06-22,None,Elena Martinez
UPD00494,P066,2024-05-11,72.2,78.7,52630.42,2024-06-21,None,Elena Martinez
UPD00495,P066,2024-06-08,86.6,95.3,8657.66,2024-06-19,None,Elena Martinez
UPD00496,P066,2024-06-18,91.8,100,0,2024-06-18,None,Elena Martinez
UPD00497,P067,2023-05-19,24.3,24.6,467821.21,2023-08-18,Owner decision / change order,Elena Martinez
UPD00498,P067,2023-06-16,48.7,47,297986.19,2023-08-19,Subcontractor availability,Elena Martinez
UPD00499,P067,2023-07-14,73,69.4,164946.34,2023-08-21,None,Elena Martinez
UPD00500,P067,2023-08-11,97.4,92.2,53588.96,2023-08-22,Material lead time,Elena Martinez
UPD00501,P067,2023-08-23,100,100,0,2023-08-23,Material lead time,Elena Martinez
UPD00502,P068,2024-06-04,11.4,10.2,840312.69,2025-01-09,Labor availability,Priya Shah
UPD00503,P068,2024-07-02,22.9,21.7,722347.5,2025-01-10,Labor availability,Priya Shah
UPD00504,P068,2024-07-30,34.3,32.9,647481.48,2025-01-10,Labor availability,Priya Shah
UPD00505,P068,2024-08-27,45.7,43.2,521846.29,2025-01-11,Labor availability,Priya Shah
UPD00506,P068,2024-09-24,57.1,57.8,393497.71,2025-01-11,Labor availability,Priya Shah
UPD00507,P068,2024-10-22,68.6,65.7,294663.75,2025-01-12,Labor availability,Priya Shah
UPD00508,P068,2024-11-19,80,77.1,215043.37,2025-01-12,Labor availability,Priya Shah
UPD00509,P068,2024-12-17,91.4,89.2,122498.75,2025-01-13,Labor availability,Priya Shah
UPD00510,P068,2025-01-13,100,100,0,2025-01-13,Labor availability,Priya Shah
UPD00511,P069,2024-09-07,12.3,10.7,682222.6,2025-04-01,Subcontractor availability,Elena Martinez
UPD00512,P069,2024-10-05,24.7,24.6,549147.94,2025-04-03,Material lead time,Elena Martinez
UPD00513,P069,2024-11-02,37,32.2,480133.91,2025-04-05,Material lead time,Elena Martinez
UPD00514,P069,2024-11-30,49.3,47.1,370889.13,2025-04-06,None,Elena Martinez
UPD00515,P069,2024-12-28,61.7,57.2,287228.8,2025-04-08,Material lead time,Elena Martinez
UPD00516,P069,2025-01-25,74,66.5,203018.55,2025-04-10,Material lead time,Elena Martinez
UPD00517,P069,2025-02-22,86.3,77.6,133503.54,2025-04-12,Material lead time,Elena Martinez
UPD00518,P069,2025-03-22,98.7,89.9,73691.96,2025-04-13,None,Elena Martinez
UPD00519,P069,2025-04-15,100,100,0,2025-04-15,Material lead time,Elena Martinez
UPD00520,P070,2024-05-05,13.1,10,1195182.51,2024-11-11,Inspection / approval delay,Marcus Reed
UPD00521,P070,2024-06-02,26.3,23.8,1108315.75,2024-11-12,Inspection / approval delay,Marcus Reed
UPD00522,P070,2024-06-30,39.4,38.1,876983.59,2024-11-13,Inspection / approval delay,Marcus Reed
UPD00523,P070,2024-07-28,52.6,51.1,683444.65,2024-11-15,Inspection / approval delay,Marcus Reed
UPD00524,P070,2024-08-25,65.7,63,395206.34,2024-11-16,Inspection / approval delay,Marcus Reed
UPD00525,P070,2024-09-22,78.9,72.5,276695.85,2024-11-17,Inspection / approval delay,Marcus Reed
UPD00526,P070,2024-10-20,92,87.4,70522.71,2024-11-19,Inspection / approval delay,Marcus Reed
UPD00527,P070,2024-11-17,100,100,12950.08,2024-11-20,Inspection / approval delay,Marcus Reed
UPD00528,P070,2024-11-20,100,100,0,2024-11-20,Inspection / approval delay,Marcus Reed
UPD00529,P071,2023-09-12,25,17.4,626053.44,2023-12-23,Inspection / approval delay,Olivia Bennett
UPD00530,P071,2023-10-10,50,35.7,528207.47,2023-12-30,Inspection / approval delay,Olivia Bennett
UPD00531,P071,2023-11-07,75,51.7,391726.28,2024-01-05,Inspection / approval delay,Olivia Bennett
UPD00532,P071,2023-12-05,100,68.4,261464.05,2024-01-11,Inspection / approval delay,Olivia Bennett
UPD00533,P071,2024-01-02,100,86.3,153345.26,2024-01-18,Inspection / approval delay,Olivia Bennett
UPD00534,P071,2024-01-22,100,100,0,2024-01-22,Inspection / approval delay,Olivia Bennett
UPD00535,P072,2024-04-29,23.7,17.9,1003649.37,2024-08-14,Inspection / approval delay,Olivia Bennett
UPD00536,P072,2024-05-27,47.5,34,810546.27,2024-08-19,Inspection / approval delay,Olivia Bennett
UPD00537,P072,2024-06-24,71.2,52,605350.13,2024-08-25,Inspection / approval delay,Olivia Bennett
UPD00538,P072,2024-07-22,94.9,68.2,292164.27,2024-08-31,Inspection / approval delay,Olivia Bennett
UPD00539,P072,2024-08-19,100,86.9,112736.68,2024-09-06,Inspection / approval delay,Olivia Bennett
UPD00540,P072,2024-09-10,100,100,0,2024-09-10,Inspection / approval delay,Olivia Bennett
UPD00541,P073,2025-08-23,14.4,11.5,1705548.2,2026-02-21,Labor availability,Marcus Reed
UPD00542,P073,2025-09-20,28.7,21.5,1440806.44,2026-02-25,Labor availability,Marcus Reed
UPD00543,P073,2025-10-18,43.1,32.8,1208397.03,2026-03-01,Labor availability,Marcus Reed
UPD00544,P073,2025-11-15,57.4,49,1020480.85,2026-03-04,Labor availability,Marcus Reed
UPD00545,P073,2025-12-13,71.8,56.7,869657.75,2026-03-08,Labor availability,Marcus Reed
UPD00546,P073,2026-01-10,86.2,68.4,504609.57,2026-03-12,Labor availability,Marcus Reed
UPD00547,P073,2026-02-07,100,82.2,193472.23,2026-03-16,Labor availability,Marcus Reed
UPD00548,P073,2026-03-07,100,91.4,91115.62,2026-03-20,Labor availability,Marcus Reed
UPD00549,P073,2026-03-22,100,100,0,2026-03-22,Labor availability,Marcus Reed
UPD00550,P074,2024-07-13,23.5,19.4,1035688.09,2024-10-23,Material lead time,Olivia Bennett
UPD00551,P074,2024-08-10,47.1,36.3,741159.43,2024-10-27,Unforeseen site condition,Olivia Bennett
UPD00552,P074,2024-09-07,70.6,58.6,584227.3,2024-11-01,Weather,Olivia Bennett
UPD00553,P074,2024-10-05,94.1,77.1,323741.22,2024-11-05,Unforeseen site condition,Olivia Bennett
UPD00554,P074,2024-11-02,100,96.4,63915.31,2024-11-09,Subcontractor availability,Olivia Bennett
UPD00555,P074,2024-11-10,100,100,0,2024-11-10,Owner decision / change order,Olivia Bennett
UPD00556,P075,2024-09-03,12.2,10.7,1923199.93,2025-04-03,None,Priya Shah
UPD00557,P075,2024-10-01,24.3,20.6,1531011.98,2025-04-06,Owner decision / change order,Priya Shah
UPD00558,P075,2024-10-29,36.5,30.6,1361479.38,2025-04-08,Material lead time,Priya Shah
UPD00559,P075,2024-11-26,48.7,43.5,1140571.74,2025-04-11,Unforeseen site condition,Priya Shah
UPD00560,P075,2024-12-24,60.9,54.4,928585.4,2025-04-13,Material lead time,Priya Shah
UPD00561,P075,2025-01-21,73,66.1,678134.18,2025-04-16,Subcontractor availability,Priya Shah
UPD00562,P075,2025-02-18,85.2,77,463994.45,2025-04-18,Owner decision / change order,Priya Shah
UPD00563,P075,2025-03-18,97.4,87,281556.72,2025-04-21,Material lead time,Priya Shah
UPD00564,P075,2025-04-15,100,94.7,99499.76,2025-04-23,Subcontractor availability,Priya Shah
UPD00565,P075,2025-04-24,100,100,0,2025-04-24,Material lead time,Priya Shah
UPD00566,P076,2025-10-11,15.1,12.4,960540.28,2026-03-25,Owner decision / change order,Priya Shah
UPD00567,P076,2025-11-08,30.3,28.4,876868.41,2026-03-27,Material lead time,Priya Shah
UPD00568,P076,2025-12-06,45.4,38.8,802231.89,2026-03-29,Weather,Priya Shah
UPD00569,P076,2026-01-03,60.5,52.8,649106.63,2026-03-30,Subcontractor availability,Priya Shah
UPD00570,P076,2026-01-31,75.7,65.5,562929.07,2026-04-01,Owner decision / change order,Priya Shah
UPD00571,P076,2026-02-28,90.8,78.2,505709.3,2026-04-03,Weather,Priya Shah
UPD00572,P076,2026-03-28,100,94.7,391106.64,2026-04-05,Subcontractor availability,Priya Shah
UPD00573,P076,2026-04-25,100,100,267924.68,2026-04-07,Unforeseen site condition,Priya Shah
UPD00574,P076,2026-05-23,100,100,227056.38,2026-04-09,Unforeseen site condition,Priya Shah
UPD00575,P076,2026-06-20,100,100,173556.63,2026-04-10,Material lead time,Priya Shah
UPD00576,P076,2026-06-30,100,91.2,116018.48,2026-04-11,Subcontractor availability,Priya Shah
UPD00577,P077,2025-10-04,13.2,13.3,784826.84,2026-04-04,Material lead time,Elena Martinez
UPD00578,P077,2025-11-01,26.4,27.4,722872.11,2026-04-04,Weather,Elena Martinez
UPD00579,P077,2025-11-29,39.6,41.3,636979.93,2026-04-03,Material lead time,Elena Martinez
UPD00580,P077,2025-12-27,52.8,52.5,546057.71,2026-04-03,Subcontractor availability,Elena Martinez
UPD00581,P077,2026-01-24,66,68.3,509226.82,2026-04-02,Subcontractor availability,Elena Martinez
UPD00582,P077,2026-02-21,79.2,79.3,420259.14,2026-04-02,Owner decision / change order,Elena Martinez
UPD00583,P077,2026-03-21,92.5,96,338773.02,2026-04-02,Owner decision / change order,Elena Martinez
UPD00584,P077,2026-04-18,100,100,270889.99,2026-04-01,Owner decision / change order,Elena Martinez
UPD00585,P077,2026-05-16,100,100,187845.79,2026-04-01,Owner decision / change order,Elena Martinez
UPD00586,P077,2026-06-13,100,100,117063.88,2026-03-31,Owner decision / change order,Elena Martinez
UPD00587,P077,2026-06-30,100,96,79865.23,2026-03-31,Material lead time,Elena Martinez
UPD00588,P078,2025-09-27,8.8,7.5,1241061.61,2026-07-27,Owner decision / change order,Priya Shah
UPD00589,P078,2025-10-25,17.5,16.2,1186007.45,2026-07-29,Subcontractor availability,Priya Shah
UPD00590,P078,2025-11-22,26.3,25.2,1054120.66,2026-08-01,Owner decision / change order,Priya Shah
UPD00591,P078,2025-12-20,35,31.5,985152.96,2026-08-03,Material lead time,Priya Shah
UPD00592,P078,2026-01-17,43.8,39.8,876951.33,2026-08-05,Subcontractor availability,Priya Shah
UPD00593,P078,2026-02-14,52.5,46.4,766286.98,2026-08-08,Subcontractor availability,Priya Shah
UPD00594,P078,2026-03-14,61.3,57.2,657748,2026-08-10,Owner decision / change order,Priya Shah
UPD00595,P078,2026-04-11,70,64.2,522867.37,2026-08-12,Material lead time,Priya Shah
UPD00596,P078,2026-05-09,78.8,70.4,485857.89,2026-08-15,Material lead time,Priya Shah
UPD00597,P078,2026-06-06,87.5,80.4,333659.61,2026-08-17,Weather,Priya Shah
UPD00598,P078,2026-06-30,95,78.6,254175.26,2026-08-19,Owner decision / change order,Priya Shah
UPD00599,P079,2026-04-07,23.9,18.2,1008347.47,2026-07-18,None,Elena Martinez
UPD00600,P079,2026-05-05,47.9,40,758607.09,2026-07-23,Owner decision / change order,Elena Martinez
UPD00601,P079,2026-06-02,71.8,55.9,506103.66,2026-07-29,Unforeseen site condition,Elena Martinez
UPD00602,P079,2026-06-30,95.7,87.2,192590.41,2026-08-03,Unforeseen site condition,Elena Martinez
UPD00603,P080,2026-03-22,18.1,15.2,386245.57,2026-08-06,Labor availability,Olivia Bennett
UPD00604,P080,2026-04-19,36.1,33.7,337902.04,2026-08-10,Labor availability,Olivia Bennett
UPD00605,P080,2026-05-17,54.2,46.7,275645.05,2026-08-14,Labor availability,Olivia Bennett
UPD00606,P080,2026-06-14,72.3,63.3,193712.94,2026-08-18,Labor availability,Olivia Bennett
UPD00607,P080,2026-06-30,82.6,74.8,118900.81,2026-08-20,Labor availability,Olivia Bennett
UPD00608,P081,2025-12-29,11.3,9.5,746616.23,2026-08-14,Owner decision / change order,Priya Shah
UPD00609,P081,2026-01-26,22.6,23.2,661464.66,2026-08-16,Material lead time,Priya Shah
UPD00610,P081,2026-02-23,33.9,33.1,602216.69,2026-08-18,Material lead time,Priya Shah
UPD00611,P081,2026-03-23,45.2,41.1,513529.36,2026-08-20,Subcontractor availability,Priya Shah
UPD00612,P081,2026-04-20,56.5,52.7,444694.29,2026-08-22,Owner decision / change order,Priya Shah
UPD00613,P081,2026-05-18,67.7,61.2,353882.71,2026-08-25,Owner decision / change order,Priya Shah
UPD00614,P081,2026-06-15,79,74.8,264803.13,2026-08-27,Subcontractor availability,Priya Shah
UPD00615,P081,2026-06-30,85.1,70.7,234920.65,2026-08-28,Unforeseen site condition,Priya Shah
UPD00616,P082,2026-01-01,14.2,12.2,1470935.64,2026-06-23,Labor availability,Daniel Kim
UPD00617,P082,2026-01-29,28.4,27.7,1241491.01,2026-06-24,Labor availability,Daniel Kim
UPD00618,P082,2026-02-26,42.6,38.3,1113334.88,2026-06-26,Labor availability,Daniel Kim
UPD00619,P082,2026-03-26,56.9,55.2,889597.44,2026-06-27,Labor availability,Daniel Kim
UPD00620,P082,2026-04-23,71.1,67.2,653233.6,2026-06-28,Labor availability,Daniel Kim
UPD00621,P082,2026-05-21,85.3,81.5,477300.49,2026-06-29,Labor availability,Daniel Kim
UPD00622,P082,2026-06-18,99.5,94.1,159980.32,2026-06-30,Labor availability,Daniel Kim
UPD00623,P082,2026-06-30,100,93.1,109728.3,2026-07-01,Labor availability,Daniel Kim
UPD00624,P083,2025-11-09,23.7,20.3,1100204.49,2026-02-16,Unforeseen site condition,Daniel Kim
UPD00625,P083,2025-12-07,47.5,36.8,967543.84,2026-02-18,Subcontractor availability,Daniel Kim
UPD00626,P083,2026-01-04,71.2,58,857493.52,2026-02-20,Subcontractor availability,Daniel Kim
UPD00627,P083,2026-02-01,94.9,79.7,758065.25,2026-02-22,Unforeseen site condition,Daniel Kim
UPD00628,P083,2026-03-01,100,95.1,626890.94,2026-02-25,Owner decision / change order,Daniel Kim
UPD00629,P083,2026-03-29,100,100,492960.5,2026-02-27,Material lead time,Daniel Kim
UPD00630,P083,2026-04-26,100,100,382776.46,2026-03-01,Material lead time,Daniel Kim
UPD00631,P083,2026-05-24,100,100,329194.74,2026-03-03,Material lead time,Daniel Kim
UPD00632,P083,2026-06-21,100,100,154602.78,2026-03-05,Material lead time,Daniel Kim
UPD00633,P083,2026-06-30,100,93.2,78200.1,2026-03-06,Weather,Daniel Kim
UPD00634,P084,2025-12-16,22.4,22.7,826254.26,2026-03-23,Unforeseen site condition,Elena Martinez
UPD00635,P084,2026-01-13,44.8,44.6,746486.4,2026-03-23,Subcontractor availability,Elena Martinez
UPD00636,P084,2026-02-10,67.2,65.9,639909.21,2026-03-23,Weather,Elena Martinez
UPD00637,P084,2026-03-10,89.6,91.7,522721.86,2026-03-23,Material lead time,Elena Martinez
UPD00638,P084,2026-04-07,100,100,437533.88,2026-03-23,Subcontractor availability,Elena Martinez
UPD00639,P084,2026-05-05,100,100,321333.76,2026-03-23,Unforeseen site condition,Elena Martinez
UPD00640,P084,2026-06-02,100,100,215120.88,2026-03-23,Owner decision / change order,Elena Martinez
UPD00641,P084,2026-06-30,100,95.2,88040.25,2026-03-23,Material lead time,Elena Martinez
UPD00642,P085,2025-09-27,16.6,11.2,822727.73,2026-02-28,Subcontractor availability,Olivia Bennett
UPD00643,P085,2025-10-25,33.1,25.2,766553.21,2026-03-03,Subcontractor availability,Olivia Bennett
UPD00644,P085,2025-11-22,49.7,39.3,675085.9,2026-03-06,Material lead time,Olivia Bennett
UPD00645,P085,2025-12-20,66.3,50.9,578931.67,2026-03-09,Weather,Olivia Bennett
UPD00646,P085,2026-01-17,82.8,66.6,476419.43,2026-03-12,Subcontractor availability,Olivia Bennett
UPD00647,P085,2026-02-14,99.4,77.3,398092.59,2026-03-15,Material lead time,Olivia Bennett
UPD00648,P085,2026-03-14,100,94.1,371298.91,2026-03-18,Material lead time,Olivia Bennett
UPD00649,P085,2026-04-11,100,100,299672.64,2026-03-21,Weather,Olivia Bennett
UPD00650,P085,2026-05-09,100,100,218415.12,2026-03-24,Owner decision / change order,Olivia Bennett
UPD00651,P085,2026-06-06,100,100,152168.31,2026-03-27,Owner decision / change order,Olivia Bennett
UPD00652,P085,2026-06-30,100,87.7,89242.33,2026-03-29,Material lead time,Olivia Bennett
UPD00653,P086,2026-05-23,29.8,29.3,291798.61,2026-07-31,Material lead time,Elena Martinez
UPD00654,P086,2026-06-20,59.6,58.8,182875.54,2026-08-01,Subcontractor availability,Elena Martinez
UPD00655,P086,2026-06-30,70.2,64.2,147701.01,2026-08-02,Subcontractor availability,Elena Martinez
UPD00656,P087,2026-03-24,10.5,11.1,2127141.56,2026-11-20,Owner decision / change order,Elena Martinez
UPD00657,P087,2026-04-21,21.1,21.9,1933310.93,2026-11-20,Subcontractor availability,Elena Martinez
UPD00658,P087,2026-05-19,31.6,29.2,1684789.53,2026-11-22,Subcontractor availability,Elena Martinez
UPD00659,P087,2026-06-16,42.1,39.6,1311790.92,2026-11-23,Material lead time,Elena Martinez
UPD00660,P087,2026-06-30,47.4,50.7,1192331.64,2026-11-23,None,Elena Martinez
UPD00661,P088,2026-04-09,20.6,22.1,616830.28,2026-07-27,Owner decision / change order,Priya Shah
UPD00662,P088,2026-05-07,41.2,41.1,418437.39,2026-07-27,Owner decision / change order,Priya Shah
UPD00663,P088,2026-06-04,61.8,62.7,290475.86,2026-07-28,Owner decision / change order,Priya Shah
UPD00664,P088,2026-06-30,80.9,81.7,154463.67,,Subcontractor availability,Priya Shah
UPD00665,P089,2026-05-24,11.9,7.9,986702.27,2027-01-08,Labor availability,Elena Martinez
UPD00666,P089,2026-06-21,23.7,18.6,929219.78,2027-01-19,Labor availability,Elena Martinez
UPD00667,P089,2026-06-30,27.5,12.7,910995.14,2027-01-23,Labor availability,Elena Martinez
UPD00668,P090,2025-09-12,26.2,17.6,959056.56,2025-12-15,Labor availability,Marcus Reed
UPD00669,P090,2025-10-10,52.3,34.7,904217.73,2025-12-18,Labor availability,Marcus Reed
UPD00670,P090,2025-11-07,78.5,52.4,821986.33,2025-12-21,Labor availability,Marcus Reed
UPD00671,P090,2025-12-05,100,72.7,748248.65,2025-12-24,Labor availability,Marcus Reed
UPD00672,P090,2026-01-02,100,91.1,660220.27,2025-12-27,Labor availability,Marcus Reed
UPD00673,P090,2026-01-30,100,100,575130.8,2025-12-30,Labor availability,Marcus Reed
UPD00674,P090,2026-02-27,100,100,451270.86,2026-01-02,Labor availability,Marcus Reed
UPD00675,P090,2026-03-27,100,100,344704.54,2026-01-06,Labor availability,Marcus Reed
UPD00676,P090,2026-04-24,100,100,290192.18,2026-01-09,Labor availability,Marcus Reed
UPD00677,P090,2026-05-22,100,100,261692.45,2026-01-12,Labor availability,Marcus Reed
UPD00678,P090,2026-06-19,100,100,150388.41,2026-01-15,Labor availability,Marcus Reed
UPD00679,P090,2026-06-30,100,85.1,127348.64,2026-01-16,Labor availability,Marcus Reed
UPD00680,P091,2025-10-04,15,13.1,1669004.33,2026-03-17,Material lead time,Daniel Kim
UPD00681,P091,2025-11-01,29.9,26.5,1514784.91,2026-03-18,Owner decision / change order,Daniel Kim
UPD00682,P091,2025-11-29,44.9,39.6,1330826.59,2026-03-19,Owner decision / change order,Daniel Kim
UPD00683,P091,2025-12-27,59.9,55,1226095.21,2026-03-21,Owner decision / change order,Daniel Kim
UPD00684,P091,2026-01-24,74.9,66.7,1112832.38,2026-03-22,Unforeseen site condition,Daniel Kim
UPD00685,P091,2026-02-21,89.8,80.7,883111.75,2026-03-23,Unforeseen site condition,Daniel Kim
UPD00686,P091,2026-03-21,100,98.4,804624.77,2026-03-24,Material lead time,Daniel Kim
UPD00687,P091,2026-04-18,100,100,638648.14,2026-03-25,Weather,Daniel Kim
UPD00688,P091,2026-05-16,100,100,453364.7,2026-03-26,Material lead time,Daniel Kim
UPD00689,P091,2026-06-13,100,100,252445.62,2026-03-27,Subcontractor availability,Daniel Kim
UPD00690,P091,2026-06-30,100,90.1,209014.83,2026-03-28,Unforeseen site condition,Daniel Kim
UPD00691,P092,2025-11-11,23.7,20.9,754487.23,2026-02-20,Unforeseen site condition,Daniel Kim
UPD00692,P092,2025-12-09,47.5,36.4,653275.36,2026-02-22,Material lead time,Daniel Kim
UPD00693,P092,2026-01-06,71.2,55.6,555931.01,2026-02-25,None,Daniel Kim
UPD00694,P092,2026-02-03,94.9,74.2,506408.55,2026-02-27,Material lead time,Daniel Kim
UPD00695,P092,2026-03-03,100,92,372525.86,2026-03-02,Material lead time,Daniel Kim
UPD00696,P092,2026-03-31,100,100,300442.16,2026-03-05,Subcontractor availability,Daniel Kim
UPD00697,P092,2026-04-28,100,100,238685.33,2026-03-07,Material lead time,Daniel Kim
UPD00698,P092,2026-05-26,100,100,164125.32,2026-03-10,Subcontractor availability,Daniel Kim
UPD00699,P092,2026-06-23,100,100,86520.31,2026-03-12,Subcontractor availability,Daniel Kim
UPD00700,P092,2026-06-30,100,92.9,50102,2026-03-13,Material lead time,Daniel Kim
UPD00701,P093,2026-01-22,11.7,8.1,2570025.76,2026-09-03,Labor availability,Daniel Kim
UPD00702,P093,2026-02-19,23.3,23,2403599.65,2026-09-06,Labor availability,Daniel Kim
UPD00703,P093,2026-03-19,35,30.5,2206985.26,2026-09-10,Labor availability,Daniel Kim
UPD00704,P093,2026-04-16,46.7,41.9,1725405.41,2026-09-13,Labor availability,Daniel Kim
UPD00705,P093,2026-05-14,58.3,53.8,1501737.76,2026-09-17,Labor availability,Daniel Kim
UPD00706,P093,2026-06-11,70,61,1115813.52,2026-09-21,Labor availability,Daniel Kim
UPD00707,P093,2026-06-30,77.9,64.6,920841.37,2026-09-23,Labor availability,Daniel Kim
UPD00708,P094,2026-02-24,13,9.9,1894657.79,2026-09-25,Inspection / approval delay,Priya Shah
UPD00709,P094,2026-03-24,25.9,17.7,1768210.73,2026-10-04,Inspection / approval delay,Priya Shah
UPD00710,P094,2026-04-21,38.9,30,1621500.43,2026-10-13,Inspection / approval delay,Priya Shah
UPD00711,P094,2026-05-19,51.9,41.2,1474671.59,2026-10-22,Inspection / approval delay,Priya Shah
UPD00712,P094,2026-06-16,64.8,52.1,1283714.97,2026-10-31,Inspection / approval delay,Priya Shah
UPD00713,P094,2026-06-30,71.3,43.3,1170199.95,2026-11-04,Inspection / approval delay,Priya Shah
UPD00714,P095,2025-12-21,13,10.3,463846.11,2026-07-21,Subcontractor availability,Elena Martinez
UPD00715,P095,2026-01-18,25.9,17.4,390002.69,2026-07-27,Owner decision / change order,Elena Martinez
UPD00716,P095,2026-02-15,38.9,29.9,329702.22,2026-08-03,Material lead time,Elena Martinez
UPD00717,P095,2026-03-15,51.9,37.2,258811.88,2026-08-09,Weather,Elena Martinez
UPD00718,P095,2026-04-12,64.8,46.9,197815.83,2026-08-16,Unforeseen site condition,Elena Martinez
UPD00719,P095,2026-05-10,77.8,57.6,157840.71,2026-08-22,Subcontractor availability,Elena Martinez
UPD00720,P095,2026-06-07,90.7,71.2,115586.04,2026-08-29,Owner decision / change order,Elena Martinez
UPD00721,P095,2026-06-30,100,87.6,85967.41,2026-09-03,Unforeseen site condition,Elena Martinez
UPD00722,P096,2026-05-13,18.8,13.4,1927433.24,2026-09-30,Owner decision / change order,Elena Martinez
UPD00723,P096,2026-06-10,37.6,30.2,1669448.39,2026-10-11,Subcontractor availability,Elena Martinez
UPD00724,P096,2026-06-30,51,33.8,1481359.75,2026-10-18,Subcontractor availability,Elena Martinez
UPD00655,P086,2026-06-30,70.2,64.2,147701.01,2026-08-02,Subcontractor availability,Elena Martinez
UPD99999,P995,2026-06-30,70,51,180000,2026-10-15,Material lead time,Unknown
